id,first_name,last_name,password
1,Analise,Berge,gH8`wth{Z4Z~?z
2,Valli,Skupinski,wY4{KqG'
3,Riki,Fetherstonhaugh,aZ9/32h50Jh%JV7!
4,Malanie,Bront,"iN7{"".P'{yivlHIc"
5,Lucky,Kubal,hA9._hY5u0tq
6,Kara-lynn,Jebb,cH4.~>q4x!
7,Sebastien,Molden,iV3{3=egr*<Ezeas
8,Ernst,Kennewell,"vM5""onW0nw3"
9,Harland,Alderwick,cK9}4/f_1M0
10,Walden,Harwick,zW6&Q(3=RZc0m9
11,Aeriel,Bywater,tC9*0.(1Ch`Cby&7
12,Irving,Milby,rW2>b*1wxkke#Qh
13,Courtenay,Durak,lA3|xCXaISmOIb
14,Darlene,Cruikshanks,fD4~Fo$Gx
15,Revkah,Pennuzzi,"xX2.w`%_,.M<id{\"
16,Sallyann,Broxap,"yY5(h""}T.&/Fy'E"
17,Bordie,Revans,"rM9#yEomK""aO"
18,Larine,Greenan,kX8<TCCe7fSFg
19,Hazlett,Hambright,"iO7_fMC"">cA"
20,Celestia,Matevushev,"lJ1""sDX?PMH"
21,Cloris,Omond,"xB8,3i7TLLm'P5U"
22,Heindrick,Fairbrother,"uK6""GgEwNHl"
23,Konrad,Vamplew,"dW2&fQt5#5QH*=U,"
24,Willyt,Sextie,bL3#|(WAA
25,Queenie,Mirralls,gI2*(TXd2)H
26,Rosetta,Lintin,pQ6~IxvAl\#(+
27,Caleb,Skegg,aG0<`2sr_X8S
28,Pauli,Renzini,wQ1((xb'
29,Aloysia,Heal,cY9?P'_W{
30,Terrye,Benham,bE8#n&2o
31,Thelma,Barbosa,wR6%%X(ysW}T(%
32,Maudie,Sakins,bD4.2k~H7yYFV
33,Tobit,Smieton,uF6{fKlhC1
34,Jaquenetta,Goley,"iP0/D3*n""/2"
35,Lacy,MacMeanma,"gV1,97Ow>"
36,Lynsey,Bartalot,yN0)$+)9Sx`
37,Germaine,Abrahami,eF7&K>TU'N|8F
38,Frederico,Sjollema,"rD0?/3Kktl""6$v7"
39,Steven,Crysell,wY1#`OTK
40,Melesa,Semper,vE8=Jce9L`V3J
41,Farlay,Orrey,sT3*%%cQ{
42,Thatch,Pinnington,mC1\(9EG$
43,Eddie,Bourner,oE2*Wzp2`IXFW
44,Blake,Zambon,"tU5@X.""mVy"
45,Tobe,Romaint,xB7)@ZpZ>@G
46,Juan,Rimell,cW1#*d'lt8oDDL$@
47,Ring,De Witt,iJ4/@=/3BnSQG6
48,Halley,Simkins,wP6*9Ndj<q\%5
49,Innis,Danihelka,"dR2/,o,(rd<wVBK"
50,Robinette,Liversage,iI0*URl<=3C?
51,Christiana,Dabbes,"lI0~kLGJ6X+|""?s"
52,Nanni,Vidineev,wY2/1b(nr'ab<c
53,Isidor,Stadden,xT9<yW%xXo
54,Drucie,Readwood,nT1)U2Es
55,Gerek,Pillinger,bS6@26bE
56,Barnabe,Cultcheth,cX2<89EKPQGC</av
57,Kelci,Shackleton,yQ6<Qx?=voAz~Q4
58,Avictor,Hryniewicz,yO0)LN_6IG*0
59,Yehudit,Renihan,"pR9%)d@k2\p,`<i~"
60,Jesse,Greves,iK5/81kS\=
61,Tatiania,Birdsey,vX8\HWZTEx|$>2+
62,Thacher,Velasquez,nZ8`rYChnQ
63,Gualterio,Gladwin,"iO5`!xK'1""q"
64,Terra,Del Monte,gG8<jfYSh
65,Lyndy,Garman,wS1*KVi(&0+Mre
66,Rina,Tidswell,"vA5$L*,U$?KygE{"
67,Yoshiko,Shorrock,hV2{.8)V}!
68,Trey,Hunstone,jT7}N)R1TpAKSK{
69,Rheba,Treverton,rO4\|jyTT2_bc
70,Bret,Rigler,wB2$B=p*jF
71,Olia,Halpen,hL7!m5%O{4TE
72,Olag,Jiles,mN4\#i9G>|0DV=
73,Donnie,Buckley,"vN6,wa|..#M}3"
74,Doralyn,Lett,gP1+(}k<v
75,Erny,Wykey,zC1(+\S<|OO
76,Cindee,Pietruschka,oL3(Q!?M
77,Brennan,Stirling,iC5*mj~WfM.oBgW
78,Dukey,Gibbin,"iC2/n`>xFoG!""?"
79,Ephrem,McKaile,"oH6.$zsy27NmRD""9"
80,Katha,Huerta,rI8!&*F4
81,Coraline,Notti,jQ1()M#Gl
82,Barnabas,Grannell,dV1?r/!uc%D}\ww
83,Lowell,Hryniewicki,gG9\/mden!G
84,Titus,Lidgard,pF0*pl(m22G)
85,Neysa,Fierro,qE6%OaR5N6U@A
86,Archibold,Trustey,"wM5',r.|To2"
87,Odo,Lucius,mI6$zh9&N@/
88,Aile,Aylen,kW7!eGHN(<Z?S9q
89,Sigismundo,Dellatorre,"qQ5""9bz\J+Rw=/"
90,Chrystel,Beden,aN2|BJZm!q7~Fai
91,Kirsti,Dunniom,qK9|ow.KN*xFKdhp
92,Rozanna,Bridel,oZ0=#PA3bggd
93,Manfred,Mauro,dG2%=+=_Ft
94,Ofelia,Toor,sI0_YnIZc9_6
95,Myranda,Gumery,rQ2`uIpGE
96,Denis,Foggarty,hT6+CL@($
97,Charla,Escudier,dV9/`|)uI>2
98,Florencia,Starte,dQ8?H/AUDP
99,Obed,Moorerud,vA4%cpl{*3&p
100,Leupold,Maroney,yO6\S%\w
101,Minetta,Hiddy,oK1.(sUGz~6
102,Cornela,Antognozzii,fO3\&bN%|8/
103,Mair,felip,"jU7&|6OiVzKxV,f"
104,Esme,Skylett,"uK1,LymHFQ"
105,Siouxie,Duly,sF9'TzANo|irUGy
106,Tasia,Weatherall,xM7_V9g`isF
107,Shamus,Etheridge,"uS4""xdQ$'oasu>Qp"
108,Meryl,Walklett,"aJ4),g4e"
109,Findley,Camell,pZ7{u@K~@)(`$tDl
110,Doe,Canedo,gF5&xr$A44(!y
111,Bobinette,Ubsdale,oY4`EAU/0)E`r
112,Kile,Duer,nR3'y.Yy
113,Joanne,Dunkerly,fG7/R*4GH
114,Hartley,Whitwham,sV4)#qR6F}@&kl
115,Beverley,McCulloch,"lW6""0(""Bsw_"
116,Joelynn,Shutler,lR2~Q}XOIu6pcv
117,Enid,Trenholm,"sU8%G5lJ?O,%8o3"
118,Chick,Succamore,uK1?aV&*s<
119,Milena,Gillott,zE9>$Yai
120,Allister,Adolf,"uD5)J2k/,p|Q.+w/"
121,Frederique,Ogley,"mO6,t<gXyws"
122,Rochester,Antognazzi,eM2=+j>qH#m9SJ\
123,Binnie,Woofendell,lP3=}=Lj
124,Tanner,Eldred,"rB1?9?n,&$EtJYpa"
125,Meggie,Sweetzer,vN2=tq/e}J7
126,Belita,Branton,tG8`HnH`Z
127,Neile,Geggie,"pB1,p#qGB6aftckj"
128,Bethena,McIsaac,yG0\Op39mS!TBT=
129,Marylynne,Huelin,iI8))k8D@(tW\BEV
130,Bobbe,Loveitt,"vX7""~j|S_u"
131,Wilhelmina,Margett,vD1'%a7eYy$
132,Moreen,Playden,"zM9|QJ*b!Av%,"
133,Adella,Sharpley,uV8)Pt}$dA2$T96O
134,Delilah,Groveham,"jW6}wC~X,6"
135,Dominic,Jouanny,"hM4""TS!4"
136,Shannen,Grumley,"wU9(A`B,)`>"
137,Aron,Drogan,pF2$OfPrEots/#Ec
138,Tallie,Matyushonok,"sC9""\ux&$m73"
139,Marnie,McCorry,tQ7=a(*kKPoiF
140,Averil,Doodney,"nT4""jh4HKf"
141,Amabelle,Forster,"wP3{(6"",~&K"
142,Raddy,McRobert,hV2\23!+@Q@c}
143,Ernesto,Winckles,vV1&701`o
144,Marcellus,La Rosa,aV5+UW/A
145,Galven,Ubsdall,cN5!t_m=5
146,Lock,Breslau,xI9?4.Z8O2Ow
147,Rene,Oakeshott,vX0(ba/.<sA{7$
148,Linn,Gudgin,"qJ6+45,L"
149,Minetta,Hast,"oM7&R""X)Ekv"
150,Penrod,Berney,lN3%RXd0S7xp
151,Carlee,Kahler,yU0/DUQH\
152,Marigold,Tirrell,"gQ5+F}<,.c(_"
153,Johanna,Borkin,qO7.in7k=z@fuhr
154,Lindie,Spur,gV9!&)hpD'&RgpC|
155,Xever,Livesay,"pD1""=I!Qh$"
156,Nappie,Rodwell,"xT6?<LY""%}+\7jm>"
157,Mag,Heaseman,vR6@PDxgMuRl
158,Bebe,Danev,kM0=8/9iS)
159,Chrissie,Garley,"pV5*`x@qA$i""xZzj"
160,Temp,Scarbarrow,iT1_{hLILYA?G*i
161,Pierette,Dampney,dP3|Qlq>NV
162,Templeton,Kordova,"uC1@gQ*s_`Za""P$"
163,Ninon,Kobes,"sW7.GW""m.t5~|X"
164,Nevin,Gillon,fD8{RffOx*/|N}D
165,Vita,Dansey,fN9{_P?`aU.93<y
166,Merola,Enders,"dP3~,.JZ(A("
167,Malvina,Swynfen,yY2}V&PxJ#
168,Albina,Quemby,gN2%jHOim'cTUo
169,Sarena,Brand,hU0#'hzQ
170,Cyril,Shotboult,bR1#B6pf6)
171,Dalila,Reany,qD2@5p&`GI
172,Tomi,Flatt,aL3_x~m(w0
173,Gerardo,Schimoni,"bC4,gr*,kz3J?5"
174,Nan,O'Kynsillaghe,"tA7,nxnZem9$GiP{"
175,Anabelle,Mitrovic,"rQ0,ESbr"
176,Aloysia,Scholtis,"jW0.y1""B\UFsb"
177,Gregoire,Stockwell,"iB1,zjDG~tgN<+k"
178,Saundra,Sirmond,hM2~4TX}>QA4~xr
179,Ula,Shea,lL3\MJCPTz(O
180,Nevil,Lighterness,"jE3#{NT?}Ws,o"
181,Marin,Bouch,cS9&@=DKK1R5Ii
182,Cece,Crat,rI9/qT0(&C'3vas
183,Lynnelle,Lamble,iE3)YL@WFn
184,Shina,Ambroziak,jB5'7)m.//IS9s
185,Matthias,MacIver,gK9&_1e@`9
186,Pamella,Kennaird,pT2'E+x7
187,Maryjane,Peyntue,lL6`F$jFv
188,Drusi,Jakel,lX0%hy{f(N#!
189,Colet,Himsworth,pI3!05f~I!
190,Sadella,Asaaf,dY6#F.9<0{
191,Umberto,Chaucer,yM9.A>lWgW\G(r.`
192,Dreddy,Augustus,iC2)'hTv9)W
193,Tamarra,Lammiman,fN6*@q6n0
194,Sande,Harrell,kJ0?t%q'kk@?H
195,Dareen,Esch,qF0}yfTJ/#=/GE3
196,Huey,Westnage,"eU8,swOKIN_bb"
197,Zitella,Webburn,vO6/ieH'>!
198,Odelia,Bourton,"yR9,Q9.2hizykRp,"
199,Ikey,Ainger,jR4<V1j6OVf(
200,Reggi,Stiven,lN0'0%lz
201,Elnora,Yarnold,"iD3""X%yaELqH6"
202,Barry,Rennison,uU1*sJ(STz}o.
203,Melisenda,Kynd,lU4@P(=DFmp'K
204,Leeland,Inett,"kC1),v.'x{8oL9"
205,Bear,McKernon,"zY8!h@U}"""
206,Mike,Crumpe,dQ0%'6VvP6!Ju
207,Chevalier,Hulmes,"oD5|b7l0,+$"
208,Merrie,Gilardoni,xT5{mr1Q
209,Erwin,Creedland,jS3`#A'\&
210,Jeralee,Coggon,qU2.8vc/uJ
211,Katusha,Hamper,"vR1{uk2a,%46yn\i"
212,Claiborn,Stocken,tQ8'~k2bl
213,Marna,Steart,aW7'_cdIig/5
214,Mavis,Goullee,eM6#pnaWcjFknc
215,Stephi,Chinnock,uO6@a&hl
216,Willyt,Dome,aL5`j|7tEXQ51=8
217,Percy,Ilyukhov,oV4|qT'x6CFhBD
218,Rafaela,Houseman,hS1_MmzT.
219,Thornie,Dondon,fX6?8/arj
220,Vonnie,MacTrusty,"lF0+~s1E"".iwZ"
221,Brendan,Henlon,"qO8<Z7qY,%."
222,Karyn,McDuffie,qF0`V5xofF=W
223,Shanie,Paolino,nF0}=7S&J
224,Jeffie,Burgisi,vK8|L~osml2wWHew
225,Peterus,Pinyon,"xG2}/E0B1P,i#|<"
226,Joanne,Hamments,yO8/|YDC2DpDiv
227,Daniella,Mote,qU7=#hZN
228,Imelda,Gallardo,zQ1}E=k!
229,Tawsha,Godin,hJ1||V.6\pIm
230,Leonelle,Neads,uX7)R_gy
231,Bella,Stritton,nL6_cpni*u4
232,Roz,Terrans,"nO1,vjb)4zVhV>`"
233,Leoine,Rojel,oF7&c3R$Q*iBR
234,Bernette,Charle,kC6!1fekTu4K
235,Lon,Rohloff,uR9//cG*fsVp*J!
236,Elna,Oriel,vJ8!UC}X}w\
237,Ardelle,Swane,"rI9\8RR.D}>&b6,"
238,Rebeca,Armytage,lP9'A_VgVorHYDKZ
239,Miltie,MacKeever,hI6#r=I$
240,Warner,Brand,pL6>*N&3Hff6&Q
241,Neall,Glayzer,vL3{%@F#WHM
242,Zane,MacCollom,zX5..C_n
243,Frank,Markham,"gF6""Gz`dY'q%s"
244,Felic,Buxcy,vF7+WCMh1x7gN3k
245,Benjamin,Buttwell,kF2=imo\p`q
246,Hyacinthie,Lehrer,iJ9)(V}TfJ.NDr|7
247,Cybill,Wardrope,"cK4$x2oa~95,"
248,Andriette,Walby,dF9>Mlg3MveXeT
249,Karoly,Klagge,cW3#rx.Erfw?AW
250,Langsdon,Fouracre,sN9}QW>=iS~
251,Eduino,Klimushev,"eT2}~G3Q""g~"
252,Conny,Elstone,qN3!N=&$xmUJ
253,Brian,Iwanowski,aN1(A(*_VO4PKZ
254,Cathrin,Oosthout de Vree,iC5#4t=#+T8
255,Humberto,Rosenblath,"eW5#p&""oTv5"
256,Yuri,Dashwood,"iK0/Z$>HW""F"
257,Tawsha,Stook,uC5&q?Q1Ko
258,Kelci,Kaines,eJ8*|.{=
259,Inez,Goodbairn,qK3}{9Dgw0kAlo_
260,Dolf,Fawks,"kW2)W_}+V5R,AQV"
261,Agneta,Snalham,lC5|_xPZ
262,Erik,Grenter,"sI5%""jIA(y_mf_t8"
263,Breanne,Segrave,"hX2.s6rZ$,"
264,Gordy,Bourdel,"qJ4""zxr<kfMfrXwL"
265,Adelina,Tubb,fC5_WiGo6z'
266,Geneva,Doncaster,"zI2<(%Z&JA~,u"
267,Lila,Cushion,cE1\pwTfg
268,Oona,Lambdon,zN7.xj+4@}Y#${x
269,Danita,Lethem,gX4+L2Bn`Q@g13
270,Terencio,Seaward,zF7%G>.2
271,Rickert,Willcox,cM4}|#65}rH|Nnr
272,Wrennie,Pesselt,qD3.E9$\DDb.oBq5
273,Jennilee,Birrane,sI6}A5'NUDP
274,Toddie,Houlison,"yK1~x8<24'A7c*F,"
275,Wilma,Ubee,oM3_>bECV5
276,Vida,Tole,oE8|ZFRl00~J
277,Fredra,Aitkenhead,iR0&(qNql
278,Willabella,Blandamore,cX8'dfHFj%<\8%U
279,Gardner,Casper,pU0=JgGaJYfdO0
280,Braden,Metcalf,eW8*sfy6XJUB|
281,Jelene,Nickoles,dV0/XclBOL
282,Elyn,Cubbon,zR7)qM73
283,Livia,Blacklock,dQ8@z~arc&>
284,Phyllida,Albro,"hQ1&a2l`,U("
285,Trace,Buncher,cA4}%zeZL0)uO6~
286,Haley,Pods,cD2/y@7TA
287,Marve,Waiton,eX9.dK(E?{_.L50
288,Cecily,Truwert,kE3_eWBF`c
289,Crystie,Phipson,"pF0"">s8l""i"
290,Honoria,Deegan,vK2{XFV*
291,Gussy,Boggish,"nQ9\S9Zk""LcYOP"
292,Gregorius,Blamphin,cN1<ul(rSj
293,Carie,Cauldfield,tL8~&JSIu
294,Banky,Lafayette,"aL9#Z`T,k"
295,Madeleine,Tether,mO4@PZYh&c!h~6}t
296,Frederich,Kornas,nR2_YTVCpOU
297,Celine,Blodg,gB9.SF*D
298,Bell,Siggee,pT7?2Mt+
299,Wilt,Gauntlett,"oP4+q39,C"
300,Denny,Zettoi,"bW9,rSz%i\vji"
301,Emmy,Pranger,kY4\H=d~.bt(<)?
302,Desirae,Ottee,mS6(9B)4y6v1=j)l
303,Kareem,Cutmere,wW1+sF8Ohn
304,Liza,Fielden,lQ4>5hs%6Rw9@M
305,Blayne,Sivyer,hS8!ch~4y4
306,Kettie,Jendrusch,wC2}!N7FfCTzQ
307,Ginger,Brosch,jB3)`}6TtNPT
308,Brett,O'Corren,cE5.4iA1d
309,Kin,Eustanch,nK0|d&qlP|
310,Eleni,Kitney,lB0.kaIX
311,Arne,Swancott,uY7=yQY$v
312,Kain,Diamant,"kS6>,t5Gv("
313,Marietta,Brownrigg,zY0=|Uz@hHF
314,Berky,Bootyman,iN8$LCMhscr'U$
315,Franny,Josef,"hR1`<,*d,"
316,Tedman,Quirk,vK1?\nA/$)l
317,Bertie,Edgeler,zS3`=e\l
318,Theresita,Worg,wQ2{kv}Lm2QzmBvO
319,Katleen,Galfour,"kC3\6q,yMHVhN"
320,Rena,Innott,nQ0&}5Z8f_+!Sr
321,Gloriane,Brookson,cD9~mwoI
322,Rollo,Gregoli,"nM7`o2>\(""z)z$J"
323,Abagael,Kalker,pU8??/L$0bXTY
324,Dacy,Sabin,sW0|3l|YRnbo
325,Christye,Harse,mA4`P=BUx
326,Bennie,Aslie,hB4&sUo>N
327,Cinderella,Gifkins,yM1$H!Z?r3V
328,Dav,Normanvill,"yY7,EZT8+VollF#e"
329,Karrie,Tapley,xN2~W!?{'QB<j
330,Tedda,Haslock(e),lB6\V}{E
331,Luigi,Wookey,"gL1_(=SD""H|"
332,Eadmund,Lawlee,qL5~(}V!ZUE
333,Jewell,Willsmore,oZ0|+*%mF
334,Suzette,Fenny,dY9)G}qlN/MP3
335,Justus,Bennedsen,"kY7""Us6.jww="
336,Saree,Habbema,rI0)G/?y|lY
337,Vivi,Halso,"yQ4.7*1I,ckUoR"
338,Kaitlin,Jiruch,pE1!P/9#Qn}a$x<S
339,Renelle,Karpenko,vY0~<6'753x(#1I
340,Yolande,Lettson,bA2%%vEFabs
341,Cris,Tern,"qH7@>qXrh"",("
342,Marius,Tranmer,"uI1#g/""22,}BO*{"
343,Candy,Melhuish,iC9~uTX2ly
344,Ase,Thoresbie,"vX4,""\.tR&"
345,Immanuel,Holdey,qX1|_5%1n
346,Ardine,Cason,"oU8`\Z@~,Ko5i.C"
347,Mayer,Harsent,pG3'xofU281H#
348,Barthel,Patrick,gJ8'v2kr}W8}lus
349,Olivie,Lippitt,bT6{'zOSlEneT*
350,Willa,Guite,kK7/Hl!$J>(|F
351,Emlen,Kitchenham,nM4)BdiTJ2`n`
352,Lynne,Bramhill,"bH2,lx}$g>EEv"
353,Mellicent,Lawther,tV8%+(_A
354,Sharity,Flower,xA2/T7h2
355,Abel,Tapsfield,mL0#A}8I#
356,Constance,Lyfe,pT1>9`DJ0Xt
357,Marvin,Redgrove,lG2?R.#k
358,Thomasine,Marfe,"hS7{E%w(k}""3c""M"
359,Thurstan,Luby,"rQ2""*'{uOhl"
360,Pinchas,Gallyon,fT1+3\RB3NXx
361,Lanny,Pristnor,aR3?BmJQ\
362,Rhett,Trivett,nI9!u<lN%gj=7K
363,Barby,Leckey,zN4=R}=$erjbn
364,Lee,Ferrotti,fV5\@ts$2p
365,Sophie,Nuttall,pG3<|B/D
366,Jaclyn,Foulis,mH5@5M\6=dtZe}
367,Deck,Blum,zY9!B+uh1LeD
368,Skippie,Sidaway,uK0`lV_h<!n=de>
369,Stormi,Jerams,rX9\MFyn
370,Dion,Braden,bC4*yDz+gpTTWM4
371,Eugene,Di Bartolommeo,mP3_R7i#oJ
372,Muire,Tant,oY6!9\t%8yp
373,Reidar,Hanfrey,dI8/@4Jj'AKy
374,Sondra,Riddich,eI2*4PM2e$!g
375,Stern,Kealey,kC1/M!`H*c6<
376,Lizzie,Herion,gC9*M~)7iS3OI~4W
377,Doroteya,Sweeny,lX5=N**10oz4
378,Germana,Ranyard,xY6(.bL@)bkpt}
379,Cherida,Lotwich,vD8+bQ%|
380,Katuscha,Joselevitz,"wD3#om""JC~,p"
381,Viviana,Fortman,iA7.CnqhY
382,Lazaro,Macy,"oK3_`mX\H""|D"
383,Tisha,Ledford,"qP1""'weQT1G,1"
384,Baudoin,Kelbie,lK0~U4wdZ
385,Kellie,Songust,pG6*sDZl\Z@Z}9
386,Josh,Brightey,"uR9(o(cK""=KW7\DS"
387,Jocelyn,Mahony,xH7%@rwda
388,Alyssa,Roser,"uM7&}A)mM,"
389,Benedicto,Millichip,kT1&@}rv
390,Odelinda,Wychard,yZ9+2*(=sb}y8
391,Farica,Laws,xS7?&eo@
392,Orella,Cacacie,"gE7""6F8m"
393,Lorinda,Capell,aS7+TGH$0Pv0h
394,Charisse,Hollebon,lJ2\Jvcs
395,Briny,Tesauro,fP0/V*|A
396,Caren,Greason,"vN6'R0+v"""
397,Eula,Warrington,"qN5.""HnHM+%"
398,Eva,Pockett,uO3)SF){JB0
399,Rafaello,Annetts,qR0&+%g~Z3\
400,Marybelle,Goranov,sK2%w9e>U+9~h0
401,Zulema,Feavyour,hR2/0Fk5
402,Barnabe,Bartlomiejczyk,yS7%/`UA\M}{wq
403,Annora,Conlon,vP7+}~>#k'uV
404,Suzann,Soane,zK4}s9F0'4
405,Lorettalorna,Ivannikov,jJ2.Gx$43'\j.5z~
406,Eran,Schust,wZ2('&JM}f64X
407,Felic,Syrett,qU8@kB#xrH
408,Gaven,Gavini,"aI1*KGH!S"""
409,Verine,Slaight,"fQ5""QgUF4s!O6"
410,Gamaliel,L'Hommee,eL3>efVC_
411,Kirby,Graundisson,oB1?`c5k#Vj
412,Jessamine,Balogh,jW7'P&wPlcrq
413,Hertha,Broune,uO2&n_Yp$w7Slu)
414,Carin,Plom,sC3@gNGGN(Zu8O
415,Brnaba,McDermott-Row,vI3)=fzSaEDs`F
416,Elora,Mellenby,kQ2.O!!/UqE=wky5
417,Deborah,Myner,gD2+lbv)C5<
418,Alysia,Bonifacio,oY4%aAV&1ef
419,Merle,Summers,jD0?H=!doF@{n
420,Benni,Bedminster,bN7&iKF_ltgtm}m
421,Joshia,McGonagle,pU4.=Ge)
422,Bard,Spensly,"xM8""62OZfMMq""aH"
423,Harrie,Ralestone,wT2)cHC<L=%!ZB
424,Christin,Cottu,"cB0""'$$C"
425,Edik,Spanswick,hX5\jHtn
426,Garfield,Sturdey,aI0#G!DZLT)/XOK1
427,Muhammad,MacCarter,nR9>jZT$VV\%
428,West,Escudier,zZ3|'itZNmu
429,Janessa,Peckham,oE6?+<=m.44`XI
430,Alyson,Pedlow,bV2<\8+&
431,Leonie,Elgee,"dI7""TqB%vyH<"
432,Wildon,Kasperski,"eE5,R=CD"
433,Dannie,Blunsum,tK0.>Ye8`Yk}
434,Caroljean,Baudin,dB7*/gFg
435,Omero,Paff,iM8??&6(}71I7uRW
436,Rubie,Griffitt,fU6`R\<6x'+tMBI4
437,Lewiss,Van Son,"uJ6`)QLb`""SwsQU"
438,Gabie,Hedderly,eE1./?VER
439,Matti,Pancast,gA9*?e@xxC
440,Jedd,Denzilow,hB6\jDgt
441,Fleurette,Miller,"xC4%Z,%NAXqB@"
442,Marianne,Yakovitch,"sT4""5!7kcQHWNC)"
443,Vaclav,Twidale,qE2$Qc/CKT
444,Dinah,Legen,tE8_}{AGYN}m!A
445,Ringo,Atwell,eK0>is'we1|)m
446,Zandra,Mennear,"aQ3+""((jFkp"
447,Gabi,Covelle,yJ6/@'YTcAu3
448,Bernelle,Darrington,uW5\*8WXv%7G8
449,Hilly,Maycock,tP5<M}7+32n9Vu
450,Dedra,Killigrew,iD5@G8vD
451,Ezri,Hullah,mU2\u{TmUt
452,Bordy,Gainsford,nU2'Y`YPO8/dyf%
453,Melita,Bettesworth,uO1$|Y7@fW|
454,Georgiana,Haseley,rF7+&2_N*
455,Archibaldo,Philps,lB7=.Pf@T
456,Stefa,Coveny,dS0_$>cEi(
457,Lauryn,Trulocke,nS2~c3DXa/V\
458,Gwen,Teare,zO0{lKcgndNf>
459,Rafaelia,Domange,xH4'QcJ_k
460,Mattie,Danelet,vF2#E9%U&nQKl
461,Neilla,Aulsford,oI4@#88w5.I
462,Jarred,Brandli,jN5!@VQx
463,Dougy,Bonafant,fQ3)mmJ8Yg
464,Dulcy,McKintosh,oJ2>cBcaCB(
465,Denver,O'Spellissey,fC1%VB\fkOkMs`e
466,Stella,Pebworth,vO3{*{%}mrZo_\
467,Guillermo,Cleare,yR1&G#ib9q+NfgM
468,Joleen,Zamorano,tM0%J5Pf.Mw{K
469,Rosabel,Copeland,hE9#nM/ABJ1X93pK
470,Andie,Minnock,bE5*6\d/OH_
471,Arty,Furmage,nB0|Y95bvNQ3
472,Vivienne,Salmen,vM4!vP~XG(!I1GJt
473,Chevalier,Ickovici,dP3&8cr_%lX
474,Vincenz,Buggy,iK6%NA.6cDg%
475,Nefen,Bainbridge,"nP3*h5,Y5Gg(f"
476,Arleta,Osmint,"fS5,A+pE@"
477,Harv,Pedrick,mX7{.Q%~x2=p
478,Dottie,Orknay,xW7!`@h%Ytg<)#
479,Cameron,Cockell,"qQ8""<?PD@UH"
480,Lemmie,Cultcheth,"iD1.J!uvK""5%z""\"
481,Allyson,Heustice,mN7#qEXHD04
482,Ellis,Korfmann,"vA3|?d2Zg,|='x"
483,Melisa,Persitt,pL8_$kv(z.
484,Chandal,Wheeldon,bS7.HP@UJA
485,Rhianna,Soigne,"hW2(}4,W2(f"
486,Berrie,Gowar,dS3}Csg5vO4\
487,Meier,Culpen,xW3/$?E/O@
488,Ivan,Nicolson,sO0)zQ`C&%{
489,Allyn,Shah,"fQ9,c=Zn$tx=?&d"
490,Merrie,Hamshar,yG5'Wv'|Ke(bbp2U
491,Rozanna,Newvell,kB2)G>8O)
492,Nona,Ivers,jW6&}|Sblg
493,Trixi,Brimfield,lG6_bJ5n$mfFAf
494,Anderea,Chatteris,"oQ3`sb2,~jw1KR"
495,Cristin,Grzes,eU2>U1=7Y
496,Mellisa,Suddaby,"gY3*v~H|=t""D\!8B"
497,Winna,Deviney,"bF8,.1Q%$$F"
498,Myrwyn,Hould,"kO3,N>""o>%8@s6"
499,Gram,Beverage,"sY9""`QN7@DWW%>"
500,Vick,Domerq,oA3&I2IVV.
501,Shep,Kanter,hL7`nvk@YL
502,Gare,Eggins,vA1)zBZz5{tY6
503,Terence,Cliburn,aX3~{o3(A)HUx&U
504,Brendon,Whicher,"mA2,'Cg5BiBZ!3m"
505,Alison,Witcherley,cO4%XE95e'QDh
506,Dave,Drakeley,qM3$GS4zpd99y
507,Richie,Alejandri,aF6<f5NKi?{
508,Con,Birrell,uB4$0EQSLD
509,Mina,Hutfield,aZ2=u}yEt(S
510,Noby,Boggon,hU4$xQ~M|<Vycw
511,Robby,Battin,cL4#w1erL'OoHVy
512,Gracie,Melbourn,iM0{Aj&s2
513,Lacey,Calrow,lI7~F)}YI2Du
514,Felita,Kleinberer,"eV8,C6GNp%0Lj~X"
515,Janie,Legg,iP9?S't=0~3
516,Annelise,Shouler,dU1#eF+h~
517,Devlin,Pele,wG8)@Rt'S&
518,Collete,Camamill,mA0\oX3aG9D=
519,Brynna,Cuckoo,xW2&+E{_7!rP
520,Jamaal,Hardistry,yY2<&.)<Y<
521,Maryl,Leyes,xX6#+Ucz
522,Petronella,Pelz,"xC3+H*PU~,9A"
523,Katine,Titchener,aG7.aZ>zp
524,Blake,Ghirardi,oM4#wzm!SQ{`BL1
525,Kerby,Tune,oL1%wRWt#smRG
526,Clarice,Boniface,hT5/3y{5n>/
527,Dorine,Ghiraldi,"fC2.d,Axf~Kzf_s`"
528,Way,Plaschke,bD6\*|f\
529,Myrwyn,Gallager,qJ1&Qt*cc
530,Kaia,Skacel,zT8~`&~t*%A
531,Sheppard,Schwandt,jB6=Uo6ItzC
532,Robb,Perceval,"bO1"",i`aFkS"
533,Ermentrude,Cleall,hJ1$D$XNS6|$pJ
534,Colan,Carragher,rE9*6#+Nq6n>Yoi\
535,Godfree,Gorrick,oD8>Y1}v&Z
536,Marco,Aingell,mK1=Xrs)
537,Zollie,Smethurst,eM5.YL<6{
538,Buiron,Yannikov,wZ9?aDKY}#9W
539,Urban,Nitto,bC5_DPvH8N
540,Piper,Gallandre,kD2\#x'.
541,Misti,Cannell,qG9`fswR$}/(MSr3
542,Monty,Heselwood,cG5%Wsu7sTd
543,Vivi,Alpin,tM1/vJ{$N6
544,Charla,Sibary,zV9_Ev>cAZH7%_H
545,Coleen,Overy,qI3(X?qEo
546,Reube,Fahy,"oM1""shu`"""
547,Jarrett,Fairs,yF4_HsuH9b'0<tyZ
548,Seymour,Daud,cL0#3Lv*+&e65
549,Rochell,Lalevee,lD7~?8a&?O
550,Nikolos,Chadburn,"pZ8#,7QU"
551,Udell,Benham,qJ9<BDw9EnpP
552,Doroteya,McCraine,lM5+K%qv3Ka
553,Farris,Lewsley,"dV7(5(kbfB"""
554,Cyril,Jantot,wE9?JsgUCc
555,Sybila,Budcock,"qX1""$u~{gK4JmEV"
556,Lyn,Crosscombe,"sH7""j6b5`mM`2"
557,Clayton,Bellenie,gR6.wg/92NO
558,Elias,Myford,iP2/8~eX
559,Neille,Fathers,lZ8<*EcDQ9
560,Stacy,Collomosse,"vG7=5)KM!""wMMW!"
561,Selig,Sapena,wV7.2m'Z'ym+z'g
562,Had,Bodocs,jU8|xYhikD|5ZDs
563,Jsandye,Heinssen,"pF0""(05V"
564,Stephen,Wimms,bQ9$<N7))bwd
565,Steven,Dicks,"aE9""fn\e"
566,Lucinda,Whitwam,lY6/ly=KGw
567,Kakalina,Poone,sJ9~1mjF2~
568,Svend,Iskowitz,rT7)2JE_4Ew3U
569,Marthe,Fielder,"gZ7}7,D*EK6)gxT8"
570,Kylynn,Peever,wV1(Xc<)VoQ8
571,Amelie,Markwelley,yJ8<vHaS2cQ<
572,Jeffrey,O'Dulchonta,fV4/v_&d\
573,Alley,Bonnick,nX2|v05Ws3WJ
574,Stephine,Blennerhassett,cV3++F=/3eif5>
575,Nikki,Petricek,kT2?f<N@
576,Chaddy,Rosenhaupt,xQ1.?o'0tO'p
577,Gabbie,Heynen,dU8_P'fhrcb
578,Cacilia,Sircomb,"rL7""?P@}B(FaACt"
579,Bethina,Macourek,"oJ2!kZ,IjCh"
580,Torrence,Uvedale,aG3\SK72ow/
581,Alica,Sparling,fM1+3Lni.\
582,Banky,Huckin,bI1$qpXVF
583,Rolland,Tisun,lT5@mCU|hKw!
584,Felix,Sartin,qQ6\hry'&e
585,Clerissa,Heikkinen,yT7`/QZq+s
586,Prue,Birkenshaw,"sS3\Z?`F*qA""q"
587,Tristan,Mahaffey,aO7'z'<=
588,Melisa,Weekley,"hD3/b?>vK|,9"
589,Jerry,Spedding,tI8*)lH>>@g9ESE
590,Thurston,Clifforth,wL1?cUrs`YOG
591,Rosalie,Sobtka,fA6<i3ruXbZ+
592,Renata,Saggs,"aI2""L56Z+S6aRCxH"
593,Kenton,Pluvier,rN1\&$P4%T*RET
594,Damara,McKinless,lF5}q7~_i'@k5w
595,Huntlee,Shakspeare,iL1'(!?9P%Y=7
596,Filippo,Vasile,"qT8%NHa3<zrR,"
597,Regine,Ragsdall,wJ7}Rt?T
598,Ewan,Gaddesby,fN2=JM#@
599,Queenie,Limmer,xT7+P*ShbNJxDdM
600,Sonja,Lewsam,"sQ5`utf,G<v01xRr"
601,Celka,Macken,yQ8#.(!a
602,Justino,Gorman,"fB0>y,@ZhD4jqt("
603,Hughie,Peddel,dM8*P|9o{F_H
604,Henri,Charlewood,oQ2?n|8xW?zXz$a
605,Allen,Aylmer,lN4>=\_CJs&)j
606,Huntlee,Whenman,"uA7,$x!C@_U"
607,Isabelita,Swanne,"pU2<fv""$NFD)p7I"
608,Maitilde,Pregel,jS3\&51_
609,Lane,Bradane,vJ2\b=9`
610,Adiana,Softley,pF6#!6$|E'jCh)#
611,Walsh,MacNamee,nT4'*zI.*8(o&~
612,Raf,de Vaen,zV2'ya}Xt`<+VN
613,Harli,Alcido,tZ2=zV\B
614,Edwina,Ayshford,aP4~9)FFl
615,Mikol,Overland,aL4@}F/.$aptZJ%\
616,Elias,Fleet,rW8%Qb?ve
617,Diann,Muttitt,lL3~VNr'OZ)gC
618,Cozmo,Stannislawski,wX9{S(@7
619,Ali,Richemont,"jU3_F},3Kn0II4"""
620,Rollo,Van der Brug,aJ3$I.*dJ15E\{>o
621,Kandy,Bannon,qF0&|NIu71?(R
622,Herrick,Dowe,iY7}?>|($
623,Lyndsey,Keppel,"rP1,)DIf&nOEnTd"
624,Torr,Swanston,"cI8){hlS!""e)"
625,Jenifer,Donovin,lZ3/vak6D$z2hp
626,Elvera,Frane,dH3!VJ`S'O
627,Lana,Eskrigge,eF8{@5cx
628,Karlyn,Leathard,dW5_*SXDHrY!%l_
629,Brigid,Wadelin,iR8#\as+pI\A
630,Marti,D'Orsay,xN7.kRPt<@p
631,Charmaine,Lavarack,xU5@z9Q$QF
632,Sheffield,Biernacki,fH5=8NJvJq2PQ
633,Babs,Ailmer,pE4{R?+nltg8'
634,Nikolia,Catcherside,uY8}9jZhU
635,Rosalind,Winslett,"tA4<?#""h"
636,Kele,Rothschild,rW3%F>7\*I(
637,Emmit,Kelshaw,vF2)2SY=?c
638,Ainslie,Gearty,lT0|h%5v|V
639,Caleb,Zuann,iX5.?<BQO
640,Hertha,Shillitoe,"sQ7}Chy~,U("
641,Amandi,Di Biaggi,xR0(9\Wb=mq5@>
642,Freda,Pickwell,sK3@)X~*p
643,Pamela,Gynne,"cR7%JHj{\g|{l""S&"
644,Frederick,Crombie,"zQ2""||yzo"
645,Mab,Howels,cC0)&u&m'!+Mne'
646,Aubrette,Joddens,bI7`\!|}<8
647,Sabrina,Rowlett,oU4@PGIh|<)g
648,Dredi,McOnie,fS5(3OsB)(
649,Luigi,Ifill,mB9$itVH
650,Eimile,Cawse,eT5=d9a*Wt
651,Fianna,Sennett,hE9&>\WuU
652,Connie,Rosendorf,bH3{a9VL@
653,Arvin,Latore,yE3$FG=G&~W%3~W
654,Cymbre,Kensall,uZ2.ZWGPB
655,Dania,Muncer,iD5...xSC1q+
656,Pier,Reding,bO5<j+~?M|r3@
657,Mignon,Slarke,rP9~y2a/2@Y
658,Sheffy,Kynman,oG6#G6h*
659,Whitman,Coarser,tP3}1Xd~95de
660,Findlay,Simpson,"jT2%c,>7jr?Wd"
661,Thalia,Parkins,"gC7$lMpd,tD"
662,Shamus,Hoggetts,dO7}P(RO9
663,Thibaud,Merrell,uR2~.PEk
664,Daphna,Pryell,pB0`xmHVh*q
665,Peyton,Ivashnikov,aS4|RR`$r$o%
666,Jeremiah,Raccio,uC0#p{2opgtBVhzZ
667,Julietta,Thomazin,"fN9,~OWo"
668,Sawyer,Wickson,hC1?vg_JQ#B3m
669,Raviv,Feirn,"tB8#,*M}6+pFDlU"
670,Tonie,Zukerman,vA7\p<m?2%ZJwA
671,Gustav,Rimour,eK9<V=dD
672,Jacques,Rushsorth,"mG9(1%!(+oY\KI"""
673,Cynthia,Jiroutek,iE8|(GVT%WLDn
674,Guendolen,Lorman,eM5<b(o2zfWXJ+%M
675,Lauren,Collman,cN6`2`o=1b7
676,Noach,Slad,oQ0_RU$eJO
677,Harrietta,Wadworth,bK7?KcTO
678,Wilt,Volke,yO1~{~`D{5w$
679,Andie,Manske,"tK3(""}cbL|"
680,Connie,Davidovic,"bO2""')zU#k"
681,Stanford,Newall,"bS4""OwZOc.1w1"
682,Ericha,Kyttor,"hO4?L9q,0Dv7"
683,Griffy,Baudts,eP1*61ZUC\
684,Clementine,Davley,dV5(/X{hu
685,Rosemonde,Knolles-Green,"iN0>Y>#n+q""e$`'"
686,Lexie,McAneny,"tP2%Z}""gT?kgwY/"
687,Guinevere,Orwell,fT0&ITeU
688,Giavani,Arrigucci,jF6`E*#{c_74jC
689,Bard,Shama,qJ6(G{kNjIf$7cb$
690,Dorey,Rogers,nT8#oQK6}
691,Cassi,Bumpas,qX6!\4?1xn5
692,Chrystal,Labrow,"kH7""liBiK"
693,Britte,Alf,rG4~p`<CW
694,Nan,Duran,eR4`7\xf
695,Pryce,Jobin,tB0(8%BslR1
696,Griffith,Maletratt,hR5*<5nc
697,Davon,Nolin,"kM6<B*}7Q"""
698,Nance,Whifen,tL6/ZxbhW|
699,Spenser,Heazel,bW2\vgCg
700,Gwenneth,Dorning,iO2~/ccdPW
701,Ludovico,Carradice,lA9('?KD{}+uI(
702,Davin,Suffield,bO3'?kin
703,Kathie,Juanico,tJ4=RTqcR'y0cv<
704,Valerye,Dowyer,"aK3/|""K2<Z"
705,Nadiya,Baudic,bB5|1U{b
706,Raddie,Hurle,zT9)?5K5mMf
707,Janeen,Ruskin,"sC5@""z0+"
708,Gabbie,Weedall,fZ0%rNla0v4yM
709,Merrick,Pulbrook,xF2*LMyPc
710,Andromache,Loxly,"aV3,|+3dFg_H$V{v"
711,Renaldo,Heinonen,"sJ8=9dh'""FkHWsn\"
712,Ab,Caught,iV0!9%_CLl
713,Flint,Darby,bY6)LssIs}=F
714,Rivalee,Stocking,nU2||54?Jn+4K
715,Harmony,Billson,aW5%08BFQZbO
716,Elyssa,Saunton,wN3%ZWi>+A
717,Tann,Mountain,tX8_s~QJH9II
718,Giulietta,Peregrine,rD6}~yf|94U=Ds
719,Mel,Tomasik,lT1_Yge5)h75.
720,Gusta,Baldocci,kS0.+Q$p@8
721,Joanie,MacMeanma,iX5!?BdRgt=vK}@
722,Angeli,Smithe,fL2\hrfFrlYf0}Y
723,Sharron,Abbe,"xC3%K""y%Mv"
724,Kattie,Raymen,gS9}XEfw
725,Anthe,Lunbech,qE7+?p/='L7D
726,Burr,Brazener,wP1'6`n$kF#
727,Maxwell,Parken,gB4~&qI/wF8d\`
728,Jerald,Inott,kW7<#oyc`|9V2d7P
729,Stacy,Monkley,nR0@%aqDU.E6qrY
730,Lin,Alban,"sQ3_.S,E.zw"
731,Nina,Aucoate,oO2'q#|tjy=x
732,Dorine,Cinavas,kM9.Iu)%LDE\JyU
733,Stacee,Tuffin,"uK9""|.+@Txrf?r"
734,Ollie,Joret,rR0&f#qehZBuPSbJ
735,Shelia,Raye,kM9_HRG5
736,Romola,Kausche,zZ1>v%NRIC`abbxl
737,Meade,Gosdin,kB4{s!6f
738,Schuyler,Jeavon,"yS6#r>xdj,"
739,Jenni,Bleiman,bY5*RJ`Q\Pr
740,Harlene,Kinlock,xB7.f*g6`Q~V<BS
741,Kelsi,Scanlan,eN2\?&'Xgd?
742,Wake,de Vaen,"oS0#,#>Y"
743,Jim,Bowich,"yZ4{!8`gXW,RPD"
744,Sonny,Cutler,sQ8}gnn%r<4>
745,Carver,Gooder,yE1|ISZeU+
746,Melinda,Roebuck,nZ0<0x5C.4b
747,Muriel,Josephsen,uL5)Q.fhm.
748,Darcie,Pretor,"dE6=_""#n7@4"
749,Linnea,Niemiec,bS4!/1J>\}Xa|z
750,Brent,Woodier,"lD3""Jf=u5a"
751,Whitney,Gormally,tO9*_>nu$L>6&
752,Starlin,Ruckman,"bS8=(/L?~6,a3"
753,Glynnis,Caulwell,"mW4""~76+h)"
754,Nolan,Andreutti,uQ5?)ceGm`S{hE
755,Davy,Wimp,"bU5?rr"")$*)9dVQ"
756,Shae,Scoon,wI1`E/tEqMf_S1As
757,Vonny,Ritson,tB6+Q=OKZX!8
758,Melly,Dumbrill,oF3@56Hb
759,Delly,Fronzek,"dO9""35Zz!X"
760,Barde,Stellman,"bR9_6""L~\?a'cxt"
761,Celestia,Caldicott,sU2$CY+k7v
762,Delcina,Frankling,bD0/}.eP
763,Lisle,Fishbourne,"xZ7}0SNI,mye"
764,Katerine,Beadel,jD6_Q+k@
765,Nissa,Spadelli,hR3?{bx&<(l
766,Shelbi,Bolter,"jC7$DRNkxN~,0"
767,Ashley,Purveys,fZ8)jG6}
768,Marcelo,Foyle,eR7.@7mXDx1vi7eW
769,Catherina,Astbery,mQ6/&4<g\>NyI
770,Lorilyn,Screaton,oV8}Amg?4
771,Whitney,Dearsley,yI3#*Tven\p$T*
772,Seward,Yokelman,kR8\HrB(9o2{x
773,Tod,Ost,eT4\e$gm427A
774,Anastasie,Cowing,pB8*YoEV`xF2Xg
775,Isak,Pettwood,kE8$>$tqXu
776,Elbertina,Aslie,hE2.Vi0VITu
777,Charis,Greaterex,"cW9&""/cjmH$l\&*M"
778,Friedrick,Cobbold,oY1\oq<*>edYIc
779,Hagan,Cobbold,oN5\MA)=.fQ
780,Ailsun,Behr,vQ2!*Kj.N%}NS
781,Egon,Burkinshaw,rB8&=UpXHn?
782,Valaria,Embery,"sX8}*1\|(g,E5a"
783,Helena,Nowill,"dJ0\q&""Q95+e`,"
784,Wilfred,Gavrielly,xV6(.9Xf7m5m'@KO
785,Isidor,Hartshorn,jE9(7nX>G$
786,Rodrigo,Vaar,hD6{k}vq.e}SLm
787,Margaretha,Whannel,cK5|}~o0t
788,Sheeree,Delamere,"zG0/2Ox0I,8GE$"
789,Gaultiero,Trinke,pD6/uWBFcZ
790,Rriocard,Matanin,zW1~&Y5l7.{KI
791,Vic,Piddington,"cW1,ZD)P'w4AEw7"
792,Lindi,Wilne,iU8#8H4G
793,Janith,Zamudio,aJ8&@)hi
794,Virgilio,Grigs,rF1|nGMb+
795,Onfroi,Cozby,uN5<6q78u4y/k|
796,Sebastien,Gallyon,fL4<0{<7Q>FU{z
797,Nichol,Toulmin,lD8_UU+wG3j8>
798,Kip,Agett,"cM9%A""K!6F$P"
799,Tierney,Reynolds,"mD4,<\e}"
800,Tiff,Rosenau,aX4@o54k
801,Thelma,Munslow,"sH6""kWl~"
802,Rheba,Willman,"zY8}f,z,NxRQ,Gx"
803,Caresa,Pechan,jZ5%`pl9q
804,Ber,Tappor,dZ0~Wr?#KF+
805,Issi,Greed,"jI2,kTq}K?"
806,Saunderson,Skittrell,gT8|.UmbAWK
807,Clarey,Vergine,kO9`UJcl#.5NO~*
808,Kim,Bogges,"lB7>1""=hP"
809,Kaspar,La Torre,zH1*L+{~u
810,Raymond,Ebden,fG1?/DA(S+A
811,Rock,Crossthwaite,gG2||X2Hp
812,Cally,Vagges,wW8?K8b3B
813,Julianna,Murden,yR5&7mS61{'R2
814,Christiane,Andersson,"yY8&#{x|zF""@q3g"
815,Anetta,Ricketts,tG2}c$oWE$`rd
816,Stephannie,Dadson,aT9%Gq)7`Mx1e
817,Link,Quittonden,vQ2@ciiZG%V/
818,Ephrayim,Yushankin,jD8{AsAfyAB
819,Felipa,Scarff,zB8@26J9#k
820,Zeb,Shearsby,hU9_&0)Ys5ZFq_
821,Jyoti,Pettwood,eL9|{o4S
822,Davy,Stych,wD9?\Ja%X
823,Adora,Money,"wO7""ZkZWBKC"
824,Renie,Braybrook,iR8_Oj|sL?0
825,Merissa,Awcoate,oC9>}u{1@hlD
826,Barri,Spicer,kG2}>J9R
827,Silvia,Alves,vU4_Lz?Uc
828,Christiana,Dundridge,"iO6,tV8i7{F"
829,Ignaz,Redemile,lX6'a2prXn
830,Isador,Trimme,fM1)D3mWr>D
831,Thaxter,Kennady,jV2(2F$_k
832,Bettina,Imison,bQ9?MXicJU
833,Laurie,Ninotti,"vE3'""kz9V}X/6&L"
834,Marta,Rubinov,mJ9\G'3E0rr
835,Kimberli,Zmitruk,cE5)9=tb<WKg(#.
836,Brittany,Pittam,hO7%ZQ'!
837,Jakob,Thornbarrow,yP9'1Ly|vKXp5{NX
838,Adelbert,Karp,uC1&O)u2y>q%2Y3
839,Trudie,Nielson,jR8.%5Nc
840,Tabbitha,Eatock,pB1$!a5Mf2q
841,Maximilien,Bredes,xD0<F>5l6
842,Pearla,Bathurst,"kX0""|rqr"
843,Ruthe,Domenichini,mD9~VO/!2+LB
844,Odilia,Dracey,"oB3&,7Ke!"
845,Onfre,Edess,uL0'B+!@.(z
846,Alain,Barefoot,mR9={GA/
847,Annelise,Dobrowolny,zB0/e(.CYxRCe8
848,Jedd,O'Doherty,zK5?=&BK%K=s5
849,Clair,Mackilpatrick,zR9`uc!2*5}c
850,Rik,Grayer,gL8$5'(@BFlP
851,Joela,Asif,jI6?(8+%Dyb*As
852,Alberta,Rapelli,"cL3|U*3LVlV|""a"
853,Athene,Valentinuzzi,kN6>00BG$`
854,Barrie,Purselowe,"wJ2,$l@"""
855,Rice,Furman,sX8!c#a#
856,Bryanty,Capenor,pP8!N%bYXKHQ
857,Chrisse,Beadnell,dG5%eMt+RQ
858,Gabriel,Frascone,"qH8(W}cV\uJL,"
859,Geneva,Bulloch,yK4@am%bi~$V
860,Arnoldo,Badcock,rL9<j6`tNUrkk
861,Renee,Tatlow,oZ1=aympgu9!
862,Terri-jo,Scadden,pO8?8SXw}A!~
863,Mei,Spradbrow,rR5!!S4K\{MJ@4Xk
864,Kristos,McGaughie,hV1=&IR5Ta
865,Twyla,Masters,qC4~j+KP{RuiVc
866,Krystal,Astlatt,eZ4$8@/7IzZTR1q
867,Audra,Redman,cZ9#rG*J
868,Marci,Laurenzi,nK0`z2BI
869,Ingrim,Gasnell,kC2&2yBo
870,De,Knyvett,nM5=izr1wva
871,Noland,Stare,"eD7""#Yu4$BfcXT"
872,Morten,Syphas,iL5|2#!jH/%j+Z{
873,Malissia,Marvell,jI5(GGI`VD92mS
874,Orv,Proven,aS8=i6>C
875,Pavia,Wallicker,nQ8?GltDsZtj
876,Troy,Abbe,xG7`cQ5I$63
877,Dan,Conduit,"kB0%Xd""iVY}("
878,Geoff,Gouldthorp,uP7<v#I=$6)1
879,Thurstan,Faivre,"wK6@,sAc'|nr"
880,Shirlee,Penrice,dG2}o6=C7M_(8gt_
881,Karlie,Snoday,uW8(7dN9oFM
882,Ky,Bellard,vD5\~lV1bjC}h0H
883,Edee,Nelle,jH6'0(P_}6G'@kd
884,Wolfgang,Gambrell,nS9|</VfDXVUpz
885,Gauthier,Tomlin,cY3@d&PRJP8NP>5
886,Bastien,Smallacombe,"gF8""y(@\lf"
887,Cristen,Ungerechts,gF6.bA@eOk{V<
888,Herold,McCaskill,"tY7<(!MJ/""aPMQ*+"
889,Silvester,Fetters,"jX9}o1""N?2"
890,Ford,Glanvill,dI3/=j_gKpp$q_VL
891,Lay,Tyce,xY6>7EIMe~fGG<
892,Emmett,Delamar,rJ5%|*g(M}eqk5j
893,Alfreda,Shimony,zD9%G!'V
894,Isaak,Junes,vQ8'7yao|
895,Denny,Van den Broek,iX0|cbAKMJ
896,Vin,Ivanenko,"bQ4""\Z'Ibkk/"
897,Beltran,Terbrug,wL8`PRIh
898,Cherise,Sudell,"fZ1)CZY)l,j%"
899,Hewie,Sloan,xC9_Ky4S>({Wc
900,Carter,Dimitrov,cR6{(9s|H*R!6
901,Margaret,Hallybone,"kH9""=,1?qIJ)"
902,Onfre,MacLeod,rM3~w=Hl!
903,Harmonia,McReidy,"aV2\""Ng9tcU.),"
904,Tymon,Vezey,lT9\nW@vb9gV}
905,Lorant,Pluthero,lE9_(BU%
906,Mohammed,Bulter,"mE5{UG,Ty.AV"
907,Saba,Lipsett,sP7!AWb*5
908,Rabi,Clayson,eH0$7Y9\u9b'N'.X
909,Randene,Abram,aV2}*q{NC#i3x2m
910,Ferrel,Rummery,fQ0$U|2@8g<
911,Phedra,Downer,bZ6!k$1p|XOgUKyJ
912,Larry,Sadlier,rZ1}B2e5xvRqa?yp
913,Alf,Syddie,mE3.b%A'
914,Beverlee,Markussen,pZ5*<@`5bPpD3H
915,Bell,Allderidge,"cR9+MfDq""z07""m'"
916,Niki,Prettyman,hY7(a)Lw.c5*&
917,Isabelita,Manktelow,nO0.xQ+.1r~tP&Z1
918,Madelyn,Poulsen,kE8}OfEFcGZ
919,Elva,Opfer,qH6?85v5p2rD
920,Kaiser,Brendel,lG2(Do#ebRi~4}?s
921,Helenelizabeth,Riepel,nY8<+#qonnQZ7bF}
922,Ermentrude,Dunseath,xX1&PZ*5o'adShg4
923,Daren,Rollinson,jC8$cUBsW(D
924,Daryle,Dowdeswell,dS5+\XEcw
925,Zaneta,Ebdon,vA9.Fb~sTJI>cx<
926,Bernita,Yurikov,zJ9{QFdYz
927,Kakalina,Bayless,"yR5~bc?`C){+(,6"
928,Rouvin,Bisson,hR3(RA0?5x3S|>|7
929,Ingelbert,Maplethorp,"tJ7!,zBKj|PWm$*"
930,Ron,Rheam,gR8|sVy6apo
931,D'arcy,Edgley,"oO9)8l.E?,B"
932,Ebony,Mallock,gW6(V2.JRS4ugjI
933,Danyelle,Clery,mT5.Sk(ciD
934,Ado,Kordes,mW1.ukiUT
935,Saloma,Rushbury,tL9}(w6hL?u1Jmq3
936,Ester,Brauns,bV2|E&d|
937,Margie,Geane,wC5~5%?LbIHP
938,Ody,Eakens,rI8$JeM>*mvEE}I
939,Darcy,Bartalucci,"kJ8|5o,f8q8w$"
940,Nona,Cuesta,tK8\iSY@M3O)dx
941,Gillian,Favill,hJ5(nSsZ
942,Calypso,Devorill,yB2<M>@+=L#VX9g
943,Doe,Cattach,lC5+3P?>@/
944,Deerdre,Hartnell,"sA3,!D?~r}/f"
945,Kalina,Ace,bL4</hNl1OFZxQ*
946,Ansley,Rylstone,oQ2>82A#M!6
947,Batsheva,Flewan,yC3!bC}R@C1Pp6S
948,Karna,MacKimm,"gQ2(?F8""a\22Zq"
949,Arnaldo,Sebborn,"hU5,VlBiB~"
950,Gunar,Anglin,aG6'hcuby
951,Madonna,Mahaddy,eS4{7is|TC.
952,Lester,Renault,hJ9_0NL@ua|
953,Madelaine,Raynton,"gN5""`T(EjK5B%.Bc"
954,Jacquelin,Pole,"wN8@p9P,z#IjWq@."
955,Tod,Welford,bW9>frU1q#QUr
956,Verney,Plowman,vF3@SC~@
957,Anthea,Rospars,wJ7)pzMXE8(>W8a
958,Goran,Dover,oG4*TWRh&4r1h@
959,Sarge,Adamoli,"sG9#O9""U4*C@"
960,Rikki,Klain,qO0%TxO3cx>6RAh
961,Broderic,Haffner,cG2**Cnt0B
962,Napoleon,Fields,"jI1,beTdsNdshQ6"
963,Dianne,Saltmarshe,rA2/y0{Yi
964,Ange,Mixon,iR5$xE)@
965,Agna,Frift,mG7_ALnpO0(Kl!BS
966,Celesta,Gallone,"rG1""1Sgt"
967,Lanna,Sweatland,bI1'*k1>D15
968,Maximilianus,Crayke,kA3`4\v>GRH
969,Swen,Aubrun,xX5}DvY)!(h{
970,Lucienne,Merring,"cD3{ZT""3YIMWDM"
971,Julieta,Bolmann,fG9~1c*X_M3=7
972,Charles,Grigoli,bG7(>M+2eqZ
973,Kiersten,Wareham,"aD2=,g,_27>1E*"
974,Gerardo,Crossan,"iZ1~S,sDd3YfQ_l%"
975,Fanny,de Castelain,cG4.97)X
976,Raff,Barus,"jE0<?5iT!SHpX&"""
977,Roseline,Jahndel,"fN2""D1A3sCtL"
978,Hymie,Hankins,fE8&hVgg
979,Linnea,Pladen,pC2#ERx1
980,Alfons,Eglese,nF9~R$(2TDI7?!X
981,Brandon,Archdeacon,"zO2#MX{/i#\""W"
982,Nevin,McSkeagan,dZ0\_Amfg{u+
983,Joletta,Pero,dZ4@A!FO
984,Suzette,Eberdt,eG7.w)M!hBv~uk
985,Bryn,Mulderrig,tD7#snhuk9U+A
986,Marigold,Potteril,aT9?kL)(G5?$#2A
987,Ben,Sprasen,tG8?9x)VK}X
988,Pebrook,Caesman,bA4<8w$6m>&ks')
989,Trina,MacCaghan,qD9=q0E8y(YVt)
990,Martin,McNeill,"pS0~z$cR1Z{UV""L"
991,Morlee,Gritten,qD1}.<.sNN
992,Claudelle,Ferre,"rS5#Oy""#J3khW~H"
993,Gram,Waleran,qY2%jaPA@iKc8V
994,Cecile,Hickenbottom,kU5(vGg99FGe(1M
995,Sly,MacNockater,hT4_B>.~WVbPr}
996,Marcela,Leblanc,lB4%AW29Oc+RR(j
997,Guss,Verbruggen,lG0.}1$CV3
998,Randolph,Sprasen,"nC0,fNF(oI"
999,Jarrid,Rockingham,mE6?wMJKjDdc}e%0
1000,Kahlil,Kaindl,kF0+A%S\p=xP#n)g
